address,first_seen
0x693ca5c6852a7d212dabc98b28e15257465c11f3,2025-09-19T14:27:12.839586+00:00
0x20064bf61b318ba2331026d8e1734ccaf2cf7bed,2025-09-19T14:27:12.853004+00:00
0x000cb000e880a92a8f383d69da2142a969b93de7,2025-09-19T14:27:12.862692+00:00
0x5b43453fce04b92e190f391a83136bfbecedefd1,2025-09-19T14:27:12.871675+00:00
0xc9f5296eb3ac266c94568d790b6e91eba7d76a11,2025-09-19T14:27:12.881093+00:00
0x64b870e5e1fecd557d4c2cd7896ee7f5a668e5b0,2025-09-19T14:27:12.891268+00:00
0xf5a37feee552895b4b7843c66e8a3f1036767873,2025-09-19T14:27:12.900864+00:00
0x8e90675e889fcf027d47b04d859aa537f7052626,2025-09-19T14:27:12.912235+00:00
0xbc47902236c6f35137fdf2a89978bb2997211f71,2025-09-19T14:27:12.921991+00:00
0x2a4c83f18ab083e5c389a97cc7bf56979aae9a1b,2025-09-19T14:27:12.931085+00:00
0x4838b106fce9647bdf1e7877bf73ce8b0bad5f97,2025-09-19T14:27:12.940909+00:00
0xe0f77607b3e8b41888406194a9ebe2b32729a994,2025-09-19T14:27:12.949807+00:00
0x2556571372ca7463fce1bb9a57ed337707047ae2,2025-09-19T14:27:12.959234+00:00
0x5050f69a9786f081509234f1a7f4684b5e5b76c9,2025-09-19T14:27:12.969645+00:00
0x012259c7510e65b3acad37cbb4fd67eaac24937c,2025-09-19T14:27:12.980594+00:00
0x1fb1bd7642f9409a2775a44bc0905e3f3cfc8c05,2025-09-19T14:27:12.990425+00:00
0x8b4367d33884ac41d0a193396cd9c4cda9e71f75,2025-09-19T14:27:13.000391+00:00
0x7772fe062c2b6ac0c0f83ca4948177be4889b1b3,2025-09-19T14:27:13.010022+00:00
0x620d7e459cffcdc56a874536dc19147de801a4a1,2025-09-19T14:27:13.020566+00:00
0x88ce304dea4a38a875aa26b138b2b1086f3354fd,2025-09-19T14:27:13.031694+00:00
0x29e9e959f973ae77e31f411957af5ffdfd56ac05,2025-09-19T14:27:13.041443+00:00
0x651641299c7ec0aa44ad7ed9b7e12702fed2022f,2025-09-19T14:27:13.055621+00:00
0x6e5cd8b3f631e6452c3423f017bbc961da04a9f8,2025-09-19T14:27:13.066758+00:00
0x05ff6964d21e5dae3b1010d5ae0465b3c450f381,2025-09-19T14:27:13.077552+00:00
0x699ee12a1d97437a4a1e87c71e5d882b3881e2e3,2025-09-19T14:27:13.088078+00:00
0xaf950aab27525276de77eea0072979d542617246,2025-09-19T14:27:13.099268+00:00
0x563ef9dea5d97a26db5cc0e010a10afbc1758e9e,2025-09-19T14:27:13.112113+00:00
0x43013d88fd187bb982d5a156f311569c803de79b,2025-09-19T14:27:13.123393+00:00
0xbc583b27d48d1c1b2ed912517a86524791cbb859,2025-09-19T14:27:13.133685+00:00
0x1dfc993aa77a8567c366a1ac2327cd9519f2fc1a,2025-09-19T14:27:13.144733+00:00
0x73c231b17a94776e5a653469ec237ba807590196,2025-09-19T14:27:13.155058+00:00
0x489caec239d42a4bd54be468ba8fa5084c5a9569,2025-09-19T14:27:13.164281+00:00
0xdfe92e8e671c3a06c902dfb596236b2453c50177,2025-09-19T14:27:13.175998+00:00
0x78b947546527756cbac4bb08e6fe59d48ae0f058,2025-09-19T14:27:13.188747+00:00
0x1d15d4296be89c31a7276ccbe9760523034d9235,2025-09-19T14:27:13.199410+00:00
0x8624ecbc428c6bdb09f47ecdc00d6fc8500f82c7,2025-09-19T14:27:13.208887+00:00
0x86918e3ac140b9c15de5e44f3adfba1ba79823fb,2025-09-19T14:27:13.218977+00:00
0x7a403e1a481235b10f92d950809baa8b705d7be0,2025-09-19T14:27:13.229537+00:00
0x2cc8e4721a001f1921298bc9d894aca13630b0c6,2025-09-19T14:27:13.239753+00:00
0x2aa1763291cdabd28e816e3e632774ce142c33f0,2025-09-19T14:28:10.624781+00:00
0x27845f5edb468dcb60a3f113df5f8dcf6d56c803,2025-09-19T14:28:10.653933+00:00
0x4b054d4c28d3e4330cde36c8ee8fb0006701f6bc,2025-09-19T14:28:10.663915+00:00
0x1c999132bb36d9fa662b1ec321734d58ba563586,2025-09-19T14:28:10.673605+00:00
0x567103a94dba9d6fd41a9b475331190884cf3d53,2025-09-19T14:28:10.684191+00:00
0x92af42c11a851e36d378a5a0eb48c6e95fe2f00b,2025-09-19T14:28:10.694324+00:00
0x553f3d1fd254562568b0f8fa5c8244e9a44fd6ec,2025-09-19T14:28:10.705472+00:00
0xae637bf6cad3f3bfabc3215964b0af84ceae2984,2025-09-19T14:28:10.719633+00:00
0x208944c40fd2e8aa859140b37b5396cc2afa9b81,2025-09-19T14:28:10.729290+00:00
0x6887246668a3b87f54deb3b94ba47a6f63f32985,2025-09-19T14:28:10.739104+00:00
0xb43c1981d57161dcb077ee4bcbb2d376b577a857,2025-09-19T14:28:10.748730+00:00
0xe8832a868c091263ed190a9f4be304a03895dd91,2025-09-19T14:28:10.757863+00:00
0xf29e32fb6622a7d97a832720c755891a7c56c5fd,2025-09-19T14:28:10.768968+00:00
0x0abbc482fbd91dbf413e3d6cc5622e03552ac13a,2025-09-19T14:28:10.779910+00:00
0xbcec1e1bf4bb35039ad4fba06b0f4469ec65350a,2025-09-19T14:28:10.788837+00:00
0x76eeb4c8b149738a9b198d866c80e8087a0a4f17,2025-09-19T14:28:10.799729+00:00
0xca97e500d1720ee788856fb20fa6a6063648c00c,2025-09-19T14:28:10.809381+00:00
0x18e296053cbdf986196903e889b7dca7a73882f6,2025-09-19T14:28:10.818361+00:00
0x87979cdbe526b9e44b23e5dfdf5fe3a72dfe195d,2025-09-19T14:28:10.830233+00:00
0xf89d7b9c864f589bbf53a82105107622b35eaa40,2025-09-19T14:28:10.840351+00:00
0x245445940b317e509002eb682e03f4429184059d,2025-09-19T14:28:10.850081+00:00
0x46a047ced613cea3159d24214d2bfffa50d69ef9,2025-09-19T14:28:10.863873+00:00
0x928505480f12587cb02555028132116c4ce806b5,2025-09-19T14:28:10.873476+00:00
0x6bd3e91f35bb046258b0baf598ea8269d24d9d55,2025-09-19T14:28:10.883398+00:00
0x835fcc2eb1cdd53fdacb279c3b2869a4ae15ec9b,2025-09-19T14:28:10.894038+00:00
0xa0c5a1ac0e6fcc0a65399b225d51cc83d0206984,2025-09-19T14:28:10.905536+00:00
0xfb65959c5562fe8de074efc56942adfe53886f6e,2025-09-19T14:28:10.916834+00:00
0xee2958fe48acebd7572caa1516ed25356734c7a4,2025-09-19T14:28:10.926551+00:00
0xb9dc9f32d8dedb041401b583c04b5d650f9b70d1,2025-09-19T14:28:10.936262+00:00
0x3773ee86ea83671432ffd0c5c9c060e70447eb2c,2025-09-19T14:28:10.945912+00:00
0x08bbd670f4c5255571315a07a717eca1147c334d,2025-09-19T14:28:10.955049+00:00
0xd886e5fcf7936702fadd72f6ffb7c2127f0d1b09,2025-09-19T14:28:10.965495+00:00
0xc9aefca21844fdb3fe8f58d883f908991d757692,2025-09-19T14:28:10.976332+00:00
0x5e55153a353f2007be254a056c74a2b6f2d54a8d,2025-09-19T14:28:10.986101+00:00
0xfe8cfc0712b7dafd87d59c0eb08794882614c4e1,2025-09-19T14:28:10.996936+00:00
0xf09ff0d1c829db782ea62def20d4ae6fa675a6ce,2025-09-19T14:28:11.006721+00:00
0xebefae835a3b1303cf137b5dbd1e1f196cb65012,2025-09-19T14:28:11.016826+00:00
0x2546cf80eb6fb4ee0f22e1a9803fb268ff7b591d,2025-09-19T14:28:11.027644+00:00
0xf069dd1eeb435539a193d0647043f65ebbd4608c,2025-09-19T14:28:11.036969+00:00
0xb42f812a44c22cc6b861478900401ee759ebead6,2025-09-19T14:28:11.046921+00:00
0xf39af8d1f71474b52ba925c4055ead042e83002b,2025-09-19T14:28:11.056603+00:00
0xb01caea8c6c47bbf4f4b4c5080ca642043359c2e,2025-09-19T14:28:11.065948+00:00
0x8455a4d026fd6dd5ab2db761108c91906d7433bf,2025-09-19T14:28:11.075177+00:00
0xb1407f0cd3e81117e49373955d9f5ee33f96256d,2025-09-19T14:28:11.085178+00:00
0xfc0acac0dc9e33d96b7d9d803510cbe899f3b97b,2025-09-19T14:28:11.094561+00:00
0x0d92799f810762014ec41d0a72db7fd7a9d79c2e,2025-09-19T14:28:11.106010+00:00
0x784e80f0dbb50fd9e7170c568962ffef90bb45b2,2025-09-19T14:28:11.116683+00:00
0x64b416ee21450a8aec6c216d527d2448928314ca,2025-09-19T18:29:37.641101+00:00
0xa6d7fadbe782157194a0c8f2c2de800313b53bec,2025-09-19T18:29:37.657672+00:00
0x594a9f4b2de2a866f46ca357e0d84dfc3c739a95,2025-09-19T18:29:37.672252+00:00
0xfb183eb452cee258c7e429610cb7d9e2a5fa68ff,2025-09-19T18:29:37.687422+00:00
0x276bf434613bd8cb5c8b3282ec6445c9370e33fa,2025-09-19T18:29:37.701879+00:00
0xff3b5acadc3ee03137ee7477ab1678fc729bfbd3,2025-09-19T18:29:37.715866+00:00
0xecaebf8f5a28a6ef322bb5428c11270ed057c497,2025-09-19T18:29:37.726906+00:00
0x5123f0763de7e98b0371eaaa4da8624bd775e263,2025-09-19T18:29:37.735697+00:00
0x27eb78c1eade6fc040d25b94e7acf6bbe0689f0a,2025-09-19T18:29:37.746075+00:00
0x430f4ac8bf7e1e72744338c6ead269de451472a7,2025-09-19T18:29:37.755182+00:00
0x4451e451929b1417f45cd34f65bfa646f1016f71,2025-09-19T18:29:37.764452+00:00
0x142044e0a65b28a08b53ed398226bc4eee2f37f9,2025-09-19T18:29:37.775273+00:00
0xf199e2a67a3862a4d1178c697abb8e76ef7c681b,2025-09-19T18:29:37.785586+00:00
0x914912f14fe6fd17ac83e672c0e5eb8a29cd8fd1,2025-09-19T18:29:37.795542+00:00
0xe157bb8075b7cb16006ba85fd5a7e4e8cb311ac8,2025-09-19T18:29:37.806894+00:00
0x0fb9d43429e08a9b35b8892b7db10d115ecd2db2,2025-09-19T18:29:37.816787+00:00
0x64c99eafdb485bf4656d42ce8e9fb9e4c101b8bb,2025-09-19T18:29:37.826321+00:00
0x042523db4f3effc33d2742022b2490258494f8b3,2025-09-19T18:29:37.835174+00:00
0xf70da97812cb96acdf810712aa562db8dfa3dbef,2025-09-19T18:29:37.847699+00:00
0x07d391220c7656a65e3cd7cfa103f73406b95da0,2025-09-19T18:29:37.857993+00:00
0x41ed0ae0e493d41ef122d9a8fbdefe40993f8cb0,2025-09-19T18:29:37.867807+00:00
0xd06c998645b62a3ab20c0f0d35fb7b17a66d8ca3,2025-09-19T18:29:37.877161+00:00
0xe25a9d210e2ea99f1c3c21b87b85bf055518e322,2025-09-19T18:29:37.887996+00:00
0xee85f7def5e41ec44d93495ba176c1678f2c9a8b,2025-09-19T18:29:37.897112+00:00
0x3112ed026f5b26eb6aa28e99e4ea8c5cec9b06c6,2025-09-19T18:29:37.905839+00:00
0x1feec90f63b1927d1078d123a57f940e680a3abf,2025-09-19T18:29:37.917604+00:00
0x517ae09200e8b7dcacdea8948bc2a938be199419,2025-09-19T18:29:37.927029+00:00
0xebca252a81668faeab570673b6c6d9b6eef0ad35,2025-09-19T18:29:37.935920+00:00
0xbee898bca98a5b6de7323eeca168a775c566b008,2025-09-19T18:29:37.946442+00:00
0x849d74d57c19d9c4da81b2ecf14e0cca775c4100,2025-09-19T18:29:37.956130+00:00
0x5688924dfe3b8fb9b7d621c2ea03e11b487480c8,2025-09-19T18:29:37.964929+00:00
0x55a28a0334b507a3bf827a2050fde1519139ad70,2025-09-19T18:29:37.975916+00:00
0xdbbe3d8c2d2b22a2611c5a94a9a12c2fcd49eb29,2025-09-19T18:29:37.986317+00:00
0xae2fc483527b8ef99eb5d9b44875f005ba1fae13,2025-09-19T18:29:37.998275+00:00
0x4f1e3be444493071ceb27be11d2fdb1770f0f227,2025-09-19T18:29:38.010731+00:00
0x7e2dd0db2b2cfd9e4084b7b3f5eee91caa404c4c,2025-09-19T18:29:38.023647+00:00
0x75bb6e0102532670c983dcdc5d05cf9df6852d27,2025-09-19T18:29:38.033352+00:00
0x7d8ad1a7cb290b36b5ef5f3729dcab1c7f95925e,2025-09-19T18:29:38.043144+00:00
0xd01c180ba4eefe6c319343fcda8a5bdb614a84f4,2025-09-19T18:29:38.055272+00:00
0x85335eb720e342f3fcaf8195f2e430ab0bd88f74,2025-09-19T18:29:38.065276+00:00
0xdd3d72c53ff982ff59853da71158bf1538b3ceee,2025-09-19T18:29:38.073706+00:00
0xa9b643727586d6f4b88ab53f3ced09cce4d6229d,2025-09-19T18:29:38.084715+00:00
0x76d06294c35caf4a1db993f640e7155ba6dbebca,2025-09-19T18:29:38.094099+00:00
0x1c159cfad2be2cd8ac2e0744f0d97f90d29b1deb,2025-09-19T18:29:38.103217+00:00
0x2aba34b12fa667f66309cc8e0e3c194b2aed8026,2025-09-19T18:29:38.113614+00:00
0x70d70b5b746493e4c247da944032ad6af77e0d97,2025-09-19T18:29:38.123096+00:00
0x8e2c7bffe8ae151f5273ba39163b369255983a75,2025-09-19T18:29:38.132310+00:00
0x10172678787d842616ac46aee170f95d7b37c041,2025-09-19T18:29:38.142739+00:00
0x5db6e33e2f7b4aea2f20bff3fda9b475d70ba2e8,2025-09-19T18:29:38.153420+00:00
0xb02bcfbb5e12ab46a18c474b017690efad0d1433,2025-09-19T18:29:38.162805+00:00
0x6eded68b794a09130ce9a00e0a73c61705d603e4,2025-09-19T18:29:38.173201+00:00
0x89968a613435dcd244026a8f47733048a90063e8,2025-09-19T18:29:38.183475+00:00
0x23fd29fa87c28cd7499f280c8e889e57dd8137d7,2025-09-19T18:29:38.193671+00:00
0x3b389d87b1a35c7333a23ae4bd4fe289ac79e44b,2025-09-19T18:29:38.203754+00:00
0xfa69384005d13a4fac4797b1c73fec62fe004a94,2025-09-19T18:29:38.215772+00:00
0xf02f437ca33756c5de13fc31fa4db589fc0f065b,2025-09-19T18:29:38.225419+00:00
0xe93685f3bba03016f02bd1828badd6195988d950,2025-09-19T18:29:38.235692+00:00
0x8af28d9d522fd11ddc63d492cf65dabfb7dbc585,2025-09-19T18:29:38.247166+00:00
0xb8ff877ed78ba520ece21b1de7843a8a57ca47cb,2025-09-19T18:29:38.257041+00:00
0xb56ad6c9e9a431cbed1823481d5f28f47cab391b,2025-09-19T18:29:38.267605+00:00
0x5f5d94556da3fe8134fa44303e10a5b7289d5858,2025-09-19T18:29:38.278033+00:00
0x6a6a4967ac957761f0b17248a7dad4dc23c8f0e9,2025-09-19T18:29:38.288682+00:00
0x023c74b67dfcf4c20875a079e59873d8bbe42449,2025-09-19T18:29:38.298298+00:00
0xcf564682801bff132bf913a3f44ba6b19ff94a22,2025-09-19T18:29:38.308173+00:00
0x0ebdca123d3d512d598f7905796cbc798cfec917,2025-09-19T18:29:38.318973+00:00
0x8fca4ade3a517133ff23ca55cdaea29c78c990b8,2025-09-19T18:29:38.328730+00:00
0xa377aa6822603cc52e4e9ed6eaa045c46ef6b3e2,2025-09-19T18:29:38.338693+00:00
0x0d0707963952f2fba59dd06f2b425ace40b492fe,2025-09-19T18:29:38.349578+00:00
0xdaeffcf87360d1fd41dd3ba4bfad5f145d3866df,2025-09-19T18:29:38.359382+00:00
0xce5c72f4b112787d59cd2390dd4548525b1b1d05,2025-09-19T18:29:38.368873+00:00
0x4f88c06de8fd3f18a345c5660354f955cbd3a0be,2025-09-19T18:29:38.379549+00:00
0x61698690965b9bddb54f3b43ebc6c57fd7da4c16,2025-09-19T18:29:38.389912+00:00
0xe3f69b151afa8027990fe91e381b1236aaa40a6b,2025-09-19T18:29:38.399454+00:00
0xca6dc483ac93a732aae09867f602d4e2b92117b4,2025-09-19T18:29:38.408551+00:00
0xba274b2862b1eed443af66f91d09c988500bf388,2025-09-19T18:29:38.419471+00:00
0xfef93c9d3d248cb3280deb728cfce6de61baae74,2025-09-19T18:29:38.429950+00:00
0x77458dc6a06df02da5c79459de8a7abc47faf1c0,2025-09-19T18:29:38.439261+00:00
0x10c87dd0ee8c37a489e32dc2409d08ae6a6bd728,2025-09-19T18:29:38.449249+00:00
0x4f4b30d18166f788a16f85692f3f971aaa8627db,2025-09-19T18:29:38.459758+00:00
0x16866ee52cb12509c7d888385d34499d9caf685c,2025-09-19T18:30:25.514688+00:00
0x1f2a9082a7692ad4f1049b573313c52e49400137,2025-09-19T18:30:25.529756+00:00
0x00000027f490acee7f11ab5fdd47209d6422c5a7,2025-09-19T18:30:25.541559+00:00
0x38465c60beec719f3800339c951a0ec5ea0fbb3c,2025-09-19T18:30:25.553803+00:00
0x59d414fd352a57c0878ba7dc1c80a3112ff3263c,2025-09-19T18:30:25.567475+00:00
0x03a5be46b41231674cf5237157cb170c476a9e09,2025-09-19T18:30:25.580797+00:00
0x7830c87c02e56aff27fa8ab1241711331fa86f43,2025-09-19T18:30:25.591945+00:00
0x3193a349bf453fcf7e75c4530b58f277caf5cb1f,2025-09-19T18:30:25.602328+00:00
0x42be76bea8d9f3f1a469d5e091136f223f3530fa,2025-09-19T18:30:25.614827+00:00
0x34827d4badc18d026d120aee0e19f154747015c9,2025-09-19T18:30:25.624968+00:00
0x1aa60502ce49e145d63edf8d4f1dd28c9cf1034e,2025-09-19T18:30:25.634800+00:00
0x0ffd13c11ffd3e4c6430f3b4671111fb67356815,2025-09-19T18:30:25.646247+00:00
0xc8fa50efcca72ecf5f4ea7769fbd84435d82ac14,2025-09-19T18:30:25.657218+00:00
0x1b0686db1d61714e7c9bc899818d0a41712f9dc5,2025-09-19T18:30:25.669088+00:00
0x233d018ab3f8f28cf1a0c3543ea7cca456d60b0d,2025-09-19T18:30:25.682101+00:00
0x9642b23ed1e01df1092b92641051881a322f5d4e,2025-09-19T18:30:25.692410+00:00
0x26352d20e6a05e04a1ecc75d4a43ae9989272621,2025-09-19T18:30:25.702322+00:00
0xe51a45602adcb13c2ff525122d3c089b54e12bf0,2025-09-19T18:30:25.713453+00:00
0x9edec77dd2651ce062ab17e941347018ad4eaea9,2025-09-19T18:30:25.724205+00:00
0x1919db36ca2fa2e15f9000fd9cdc2edcf863e685,2025-09-19T18:30:25.734743+00:00
0xdada79040afa6ac7d7660e7e18f8a9b82c31f49a,2025-09-19T18:30:25.749638+00:00
0xf5213a6a2f0890321712520b8048d9886c1a9900,2025-09-19T18:30:25.759427+00:00
0xa096e82538db0c9cebd29fd8b25ef24da6bd0d27,2025-09-19T18:30:25.768731+00:00
0x05800f683e163dbb704d59c37b23b2a8f30388bd,2025-09-19T18:30:25.780662+00:00
0x0faa6191e7e0bfcb036c3738fcb3da328073add0,2025-09-19T18:30:25.790786+00:00
0x3b5e43908977c340f58d43703a324edb56fe3506,2025-09-19T18:30:25.800183+00:00
0x260b364fe0d3d37e6fd3cda0fa50926a06c54cea,2025-09-19T18:30:25.812265+00:00
0x7aad74b7f0d60d5867b59dbd377a71783425af47,2025-09-19T18:30:25.824252+00:00
0x4bc6186ac7c0e1029a9e5aeb3ab10d03e11b7f4a,2025-09-19T18:30:25.835327+00:00
0x5e90c5724884e6363074dd66f2653c694fe209d2,2025-09-19T18:30:25.847612+00:00
0x5111a967b4e1a2598ca152d9aee008a2f1dec321,2025-09-19T18:30:25.863943+00:00
0xe89947f69adae853b7930b6c103cdf43865f1ba8,2025-09-19T18:30:25.878484+00:00
0x35e352e52fc7b7daa82c8e875c45294800bc530b,2025-09-19T18:30:25.890493+00:00
0xfa4d75ffda10023859391be7d671ad383e46457c,2025-09-19T18:30:25.901238+00:00
0xfb2b1ff4a80af6d4f2798e34426e7766626d8f88,2025-09-19T18:30:25.914882+00:00
0x6f0f6d4102f8f0a7730d7e67accd51e4db6d7424,2025-09-19T18:30:25.927902+00:00
0x950983f83cc3957664ba0ffb5780db06d7fd1be7,2025-09-19T18:30:25.939229+00:00
0x7c25371f2a49e9f27e41b7b37f3cd4f8435a8789,2025-09-19T18:30:25.953516+00:00
0xc620e13fc9d659814e5b17f834054f80190cb29d,2025-09-19T18:30:25.965233+00:00
0xcdb5af4901641fa0080031a839a3b75dbcfe6e1d,2025-09-19T18:30:25.981886+00:00
0xc94c243f8fb37223f3eb2f7961f7072602a51b8b,2025-09-19T18:30:25.994120+00:00
0x79483d5accfca8f544a5b546559ba21eed73a0fc,2025-09-19T18:30:26.006651+00:00
0x2e7f2740a839231c41cfde0d531828df312bea04,2025-09-19T18:30:26.017611+00:00
0x28ef0dae78e4bec9a61cd7277f793dbc432f64f0,2025-09-19T18:30:26.028584+00:00
0x05f81020bfb3e4c24d1721552be6fe6b45b1ed41,2025-09-19T18:30:26.039642+00:00
0xc41aa8adc5e996b34faa334bc59cfcb4af07dcbc,2025-09-19T18:30:26.050443+00:00
0x57acfd4c2b011e75b55f1070af7b7512acbfd711,2025-09-19T18:30:26.062573+00:00
0x53cf3870791339f3c6a779b1fc7b32767ba8a6c6,2025-09-19T18:30:26.077307+00:00
0x47b48887ca48c70bb55a30f0ef4192f30e4b5085,2025-09-19T18:30:26.096947+00:00
0xd3397152caaa5bf4fa78f944d0ea90b76d6b206e,2025-09-19T18:30:26.112156+00:00
0xcd327bab7456da998887c4d42ef77e9261f9ef31,2025-09-19T18:30:26.123785+00:00
0x0577b3cfa51018a7b23aff64dc7dfc82379a2e9c,2025-09-19T18:30:26.133893+00:00
0x91ce04d25a749b207551f1a89aabf43b7bc9a42f,2025-09-19T18:30:26.146270+00:00
0x43debe92a7a32dca999593fad617dbd2e6b080a5,2025-09-19T18:30:26.157842+00:00
0xa85fb589f2b3804ec2580bc90dfb3ada0dd2e201,2025-09-19T18:30:26.167999+00:00
0xfd6370957b22690ebb957b7959687eb6ead624ea,2025-09-19T18:30:26.178922+00:00
0xf055039914549e681e128a0c007184dd8be016cc,2025-09-19T18:30:26.189706+00:00
0xc65328b73eeb46c461ec666e5512e0e9c68d6771,2025-09-19T18:30:26.200061+00:00
0x5a0ddd4b14b87389828ecf5d21c369cb8c1562a0,2025-09-19T18:30:26.211254+00:00
0x8a8dc6d23f175bed18563268be15aec6de8ab363,2025-09-19T18:30:26.224838+00:00
0xd384010b318ef62fb2daf41f1ab5f77061df1b57,2025-09-19T18:30:26.235455+00:00
0x3cb9f9bc42f5bdb92ffa13fbb12ec3746339aaa6,2025-09-19T18:30:26.249381+00:00
0xea46901bf3034129c4b5d489345db810cb3c4921,2025-09-19T18:30:26.261174+00:00
0x45239b628e8c8b3e63623ad5abab277394f9c69a,2025-09-19T18:30:26.271168+00:00
0xbbc8a95c0672cf6d1f9056e6831429959524ac08,2025-09-19T18:30:26.285309+00:00
0x867a0ff5005f6ee901894c598906070f2618c370,2025-09-19T18:30:26.296684+00:00
0x11d725b658a4c4665aa953eec88cebd8afd0a410,2025-09-19T18:30:26.307894+00:00
0x08826cbf1aed55003ea2862ed5bcbb5feb468de3,2025-09-19T18:30:26.319491+00:00
0x84d43e070d8d5ccbcb039a58a546309a846bf7a9,2025-09-19T18:30:26.329552+00:00
0x9c45df9651b20437fc081872b9f95f9c7310f4f0,2025-09-19T18:30:26.342100+00:00
0x5d22aa83ebd3eb37bf27ffb8859b22f48c1fe456,2025-09-19T18:30:26.354719+00:00
0xc47646693ac5a0980f19e027a9e0c7d1f4251d9c,2025-09-19T18:30:26.367379+00:00
0x1ae15588c2f70584c60fd5fed5cb98155fe3eb53,2025-09-19T18:30:26.378705+00:00
0x1836f3094cd4478b940a87641975cbc3780ec516,2025-09-19T18:30:26.391479+00:00
0xc9b37a21e5247b6c7952fc730a76e8357a4b108b,2025-09-19T18:30:26.404825+00:00
0x1b9fcb24c533839dc847235bd8eb80e37ec42f85,2025-09-19T18:30:31.739847+00:00
0x559432e18b281731c054cd703d4b49872be4ed53,2025-09-19T18:30:31.764898+00:00
0xf51710015536957a01f32558402902a2d9c35d82,2025-09-19T18:30:31.780271+00:00
0xc5599471d81675b45c5d55d3edb02d143070053f,2025-09-19T18:30:31.790247+00:00
0x6860c4ee678d847ae67771f2e5eea96ccb7fdf8d,2025-09-19T18:30:31.799692+00:00
0xa1daaa79d9ed518e6e7049bbac0288af6132305a,2025-09-19T18:30:31.810430+00:00
0xaa8ba7d4611437141192e7ceced531bc0a133efb,2025-09-19T18:30:31.821107+00:00
0xda53b299d53ba3b744c2d1e224b7ed9cba2b68a9,2025-09-19T18:30:31.831006+00:00
0x33d853c299fa0db91bb4f4f89896003e61fad433,2025-09-19T18:30:31.841819+00:00
0xc7899ff6a3ac2ff59261bd960a8c880df06e1041,2025-09-19T18:30:31.852716+00:00
0x1c8f6a5f009e051cab9c3851ca2da2c936b2775a,2025-09-19T18:30:31.863013+00:00
0x80ae0c5d498880908028928fe058d1c42878cef7,2025-09-19T18:30:31.873728+00:00
0x4c1aed6376802c6db50728a4f1bf5d981425d308,2025-09-19T18:30:31.883262+00:00
0x359c30cfa3215db8e9fc7ed9c85a792e900c2b4e,2025-09-19T18:30:31.893134+00:00
0xa98d1be966fa59edaddee27a04fd5b6064fe3026,2025-09-19T18:30:31.903162+00:00
0x45ed872062e5e7d1d527c043f7706dca2be53524,2025-09-19T18:30:31.912898+00:00
0x711281c1b26aaed86e40e4caaf76c1962b45e161,2025-09-19T18:30:31.924210+00:00
0xb91b0e319af35145871a364f24d55f01f30c615f,2025-09-19T18:30:31.933844+00:00
0xf8f3f187d66a09553ffa919bee26a4387a025318,2025-09-19T18:30:31.943873+00:00
0x1a9f2d2a11654282360683aee55a2acad681832d,2025-09-19T18:30:31.957895+00:00
0xd83ea7386b10aa1c0bd4b617e2564bb3a209189d,2025-09-19T18:30:31.967309+00:00
0x69f66dc30ddaa986b81eba0733c792d74b0245a6,2025-09-19T18:30:31.978008+00:00
0x60b86af869f23aeb552fb7f3cabd11b829f6ab2f,2025-09-19T18:30:31.988539+00:00
0x3c6128253807f1f1965dbc702e21293b8877f436,2025-09-19T18:30:31.997815+00:00
0x375cd2f3d5c7c2d973d86da06f0c25f68dc6acd2,2025-09-19T18:30:32.007732+00:00
0x23547856ad0f9c18b5dce6fe285602f4f460a3b4,2025-09-19T18:30:32.018579+00:00
0x12d2b8ac38c59758a062a9f757f2740461779439,2025-09-19T18:30:32.028630+00:00
0xdb9135549cc80f68ad9991c5829c7d9cf79154da,2025-09-19T18:30:32.038426+00:00
0xc1b634853cb333d3ad8663715b08f41a3aec47cc,2025-09-19T18:30:32.048288+00:00
0xa4bd8a5d3a16f9af58aedc80f32da5632146ee26,2025-09-19T18:30:32.059552+00:00
0xb97aeb4ace9511cccb603ee06bbaae7a6c3b55e5,2025-09-19T18:30:32.070023+00:00
0xf642697867657af16c2f4d0468afb7a392423b04,2025-09-19T18:30:32.080241+00:00
0x91d83e20d393210ba7a74851d23320ca9c29899f,2025-09-19T18:30:32.092011+00:00
0x873cd26be7a04d184eec92e790603d6345acec79,2025-09-19T18:30:32.101837+00:00
0x7923762873eab1929b7e52d895fd5351e879b7f5,2025-09-19T18:30:32.112810+00:00
0x6ec06f16c22c7fc87d9ceacc677a5dec4aa36cbc,2025-09-19T18:30:32.123520+00:00
0x3798c07a3210aae0e7b8b30c1926fcbbd2dc4aa2,2025-09-19T18:30:32.133479+00:00
0xa500aaee181574547d4de69fcdad1b97b117ffd7,2025-09-19T18:30:32.144163+00:00
0xbfbbfb735e2f9a7d464b425bba3fb5b0a84e79c6,2025-09-19T18:30:32.158420+00:00
0x9a8ed6d235ceb6dc699eebc999ae9227818bb627,2025-09-19T18:30:32.168130+00:00
0xdb704ede597373ba8b5fa86f1b42a56968f598fa,2025-09-19T18:30:32.179253+00:00
0xc0f432f81f0c0fb1b5e137d8e639418d94491c22,2025-09-19T18:30:32.188423+00:00
0xd37b88ea49712b6589cda85fda1eb49a3aaff8cc,2025-09-19T18:30:32.197908+00:00
0x7ec49505c41e1c60725a165bf0d29bbf7e4a884e,2025-09-19T18:30:32.208258+00:00
0xe638d93f4a65f29fcb8c9263989e680df109762c,2025-09-19T18:30:32.218358+00:00
0x3b84c7985b33b126f534b59a09c9e740396cf38d,2025-09-19T18:30:32.227751+00:00
0x3459c71c18b4bc77c55a7ce10bcc5ea45cd0649b,2025-09-19T18:30:32.237945+00:00
0xf5a42712496b2afb786f8bd992dc2a7d21cf4949,2025-09-19T18:30:32.248218+00:00
0x46340b20830761efd32832a74d7169b29feb9758,2025-09-19T18:30:32.258364+00:00
0x6d75ac1848ec5752075985a40c5fac08c4885c95,2025-09-19T18:30:32.269520+00:00
0x3352728edab20c9d177ba76c7280c68dbed35285,2025-09-19T18:30:32.279328+00:00
0x96114dce9540b883c7a2c24f48cffe64a53c7679,2025-09-19T18:30:32.291062+00:00
0x7bdffcb3ff0d22f5426e8c50393ae84e1ee8da13,2025-09-19T18:30:32.301544+00:00
0x70acab8a38c7f7fe0497167074304901951fcc85,2025-09-19T18:30:32.311769+00:00
0xf2e77a6e49a1815f914c472b787b5065eaab75ce,2025-09-19T18:30:32.322730+00:00
0x4b41a1fc8e6cefc84b757d34fdbac2d5b2bfd667,2025-09-19T18:30:32.333074+00:00
0xd8df313c007b416a008475e546f0a60c3fc546f7,2025-09-19T18:30:32.343814+00:00
0x5296304ca4762eb3a3e334506d6724c2c6e6b130,2025-09-19T18:30:32.354454+00:00
0x598273ea2cabd9f798564877851788c5e0d5b7b9,2025-09-19T18:30:32.364601+00:00
0x87440cd4c587c06e9c57d74a007f7a1cb061a848,2025-09-19T18:30:32.375429+00:00
0x482f6c2c0e31d131a477e1726df088e4299f008a,2025-09-19T18:30:32.386221+00:00
0xdebc1227907b61cd707a22873af9fa71a7ed607f,2025-09-19T18:30:32.395928+00:00
0x943c44aecd751a16c53293dc37c6cc5595c58166,2025-09-19T18:30:32.407239+00:00
0xd079072034bf8e4ea6efccdefb6db56d77cd6b1d,2025-09-19T18:30:32.420117+00:00
0xa0b047ce601706b2ef76b6a1093ab92da5d74a5e,2025-09-19T18:30:32.430972+00:00
0xff6711f7e1d13b0ddba36407a1f77f42c233e803,2025-09-19T18:30:32.440628+00:00
0x13afa1dfa7d370394a8340af700022b788fdf8f0,2025-09-19T18:30:32.451598+00:00
0x8bd9a6fa213dc61cd83458a14d27bb5b7d2206ef,2025-09-19T18:30:32.462062+00:00
0xc5560f1fb405e768d2235553044dd7e2d94994e7,2025-09-19T18:30:32.471186+00:00
0x477b8d5ef7c2c42db84deb555419cd817c336b6f,2025-09-19T18:30:32.482122+00:00
0x09983f09533d46368dda2f377ac93aa08cc3190f,2025-09-19T18:30:32.491785+00:00
0x9277abcae0e406ec0e20f244d554dd2199299ab8,2025-09-19T18:30:32.502047+00:00
0xc39d9c35446234bd1c94e446dd24cb6f8e77afea,2025-09-19T18:30:32.514670+00:00
0x38e6bb025669a0fbc1f17026c48cbf2265cc119f,2025-09-19T19:09:06.169845+00:00
0x91604f590d66ace8975eed6bd16cf55647d1c499,2025-09-19T19:09:06.184441+00:00
0xe6c9adf066484ee303deacdd0493bc8da1371c8b,2025-09-19T19:09:06.195226+00:00
0xeb9863e28d0fc0702a5197e66674f86ee2c35b5e,2025-09-19T19:09:06.207395+00:00
0x8a32afc83ab8b751bf5456f3043d1dbda24e8530,2025-09-19T19:09:06.217794+00:00
0x4791eb2224d272655e8d5da171bb07dd5a805ff6,2025-09-19T19:09:06.227902+00:00
0xe840fe7f29e61e2dbc6a7c1947e51fad47f20b5d,2025-09-19T19:09:06.237756+00:00
0x573a8fd6166b93f021d891c72f018fca38ed86be,2025-09-19T19:09:06.249602+00:00
0xa114136e09f9605d389b5abc61d86f8b40936954,2025-09-19T19:09:06.261150+00:00
0x3fe419462a02d9f0b716e051e1f03ef2c675e940,2025-09-19T19:09:06.271288+00:00
0xd258ab439a3e8d921149d1ac882e181ba82f41e7,2025-09-19T19:09:06.281936+00:00
0xd11effb2c9eda725aa7ff518b112ccf5cb9456b5,2025-09-19T19:09:06.292249+00:00
0xb4b57125af2acf9bf605a9d9c3d256537876f65a,2025-09-19T19:09:06.302054+00:00
0xdcdfd8fdb5cc2048cd7428770c2f9c9af399c91c,2025-09-19T19:09:06.312559+00:00
0x2ff080cbb367ecddc7b20967df9dc8f7255e9ba8,2025-09-19T19:09:06.321920+00:00
0x642ed4866ef942d169fddc8449d0939147ced5ff,2025-09-19T19:09:06.331605+00:00
0xafd8cd311c7bf2635573ebebb97c1a3c7e90f00e,2025-09-19T19:09:06.341602+00:00
0x28c6c06298d514db089934071355e5743bf21d60,2025-09-19T19:09:06.351539+00:00
0xbee771bdfd802a8a6e3c040902aec1be1a11b006,2025-09-19T19:09:06.363707+00:00
0x118d73c9530f5d6bc46ca7a59ea1ad9363098e88,2025-09-19T19:09:06.373900+00:00
0x93ff77b40d9a1e7d8d92b496221d76d31352be1c,2025-09-19T19:09:06.384700+00:00
0xca74f404e0c7bfa35b13b511097df966d5a65597,2025-09-19T19:09:06.395595+00:00
0x2e6940d499c8439b2dea79eee5e8e4535852ddf5,2025-09-19T19:09:06.406973+00:00
0x6e49492be47c5e3ac43ad3aa5ddc04c9fdabba3b,2025-09-19T19:09:06.418234+00:00
0xaea0bd7af7e1f6bc5d2caf508ceb195040352a9b,2025-09-19T19:09:06.427670+00:00
0xb5e4d21240e9356cafc3a1261d10383f62dfc24e,2025-09-19T19:09:06.437220+00:00
0xdc39794faa6b42e39a6bb4d54126151062f33d56,2025-09-19T19:09:06.448659+00:00
0x0029ab135b5be72168bf80f140d60a9264dbd0c5,2025-09-19T19:09:06.457917+00:00
0x45300136662dd4e58fc0df61e6290dffd992b785,2025-09-19T19:09:06.467560+00:00
0xef9dda4f00e0e78eb7409a89f7fb4d95342a8a79,2025-09-19T19:09:06.480193+00:00
0x00000000000124d994209fbb955e0217b5c2eca1,2025-09-19T19:09:06.489852+00:00
0x2b3bf74b29f59fb8dda41cf3d6a8da28cf8e7921,2025-09-19T19:09:06.500219+00:00
0x8e98c669eaa8190fe3d793cb399ba0fee535b4ec,2025-09-19T19:09:06.513187+00:00
0xb1acc6aa8e11082cd75d743a9e66594e5b286c43,2025-09-19T19:09:06.523049+00:00
0x25d7c60e2a657917f71480705db23412a183b4cd,2025-09-19T19:09:06.533091+00:00
0x8990b0d8b10ee567e7fb45e32962e330f66ccf31,2025-09-19T19:09:06.543711+00:00
0x0a5b2bf3ccfb44c1d22f07eed9553ecba752d4ad,2025-09-19T19:09:06.554602+00:00
0x63c79fccd0a21e4a4d87056a0efe3b85d8c373d4,2025-09-19T19:09:06.565416+00:00
0xb0cc94e6eaccd7512fb6fe1f85d41622a172a041,2025-09-19T19:09:06.576329+00:00
0x46a51b62aa99892b89cdbf0c8f4c3c07f5c3de57,2025-09-19T19:09:06.586268+00:00
0xbdd0227b763f1a5a0be615725a432380d176ed6e,2025-09-19T19:09:06.596330+00:00
0x9d281734d6bd7c1c921eb57b7078d7784084f59b,2025-09-19T19:09:06.609415+00:00
0xe7f86cabae328f9490ef3bfca45bee3d85e15714,2025-09-19T19:09:06.622881+00:00
0xa26148ae51fa8e787df319c04137602cc018b521,2025-09-19T19:09:06.633745+00:00
0x64502f53299752699c7e6db9671bbf3223aeb7fa,2025-09-19T19:09:06.651472+00:00
0xc6a8d31bdc07860f12e22c615c103400b28176b3,2025-09-19T19:09:06.661683+00:00
0xcdd37ada79f589c15bd4f8fd2083dc88e34a2af2,2025-09-19T19:09:06.674375+00:00
0x4a6c24de746583012d19a846e92428a6a7feff86,2025-09-19T19:09:06.684801+00:00
0x649608bb79c005beb1504432b156a640c010dd9a,2025-09-19T19:09:06.693978+00:00
0xb7e567760433a2f50491bad13d46a679aab8ddc9,2025-09-19T19:09:06.705872+00:00
0xde33131d3a2b0811d5389011d199388ca02acc54,2025-09-19T19:09:06.716169+00:00
0xe5f745f65e2bf412479b5f51ae733f4eacc7af4f,2025-09-19T19:09:06.725498+00:00
0xd82f3db9cf774110decfb50df59faa3c55fee1dc,2025-09-19T19:09:06.737802+00:00
0x4de29a0b6a4b20557c6a2a53ec1990d94c770333,2025-09-19T19:09:06.747208+00:00
0x0b9dc5f572a8e0deedf0ae885909f485a56ee3c1,2025-09-19T19:09:06.756617+00:00
0x48f07c16cbd5f12939e1ab24b8a23d161d6c3596,2025-09-19T19:09:06.766664+00:00
0x27bc5f4572ae2643e8ebca5fc6244b3137c58c0c,2025-09-19T19:09:06.776483+00:00
0x5b5b6751828abe40ddaab5d2db06a1100933bda1,2025-09-19T19:09:06.786971+00:00
0x0003b5aa5e30e97fcc596bb5d0f3a75255e08d4e,2025-09-19T19:09:06.797731+00:00
0x07d2077ed42091bf296a00f7ee45853400ab8906,2025-09-19T19:09:06.807867+00:00
0x49437a07c9e444ac4b57042cc78ee107347e60d3,2025-09-19T19:09:06.818579+00:00
0x043527849a82fc860ead466cf71593d386943d30,2025-09-19T19:09:06.828863+00:00
0xdd0b37209e98b808a847295b827f324993ef31dc,2025-09-19T19:09:06.839137+00:00
0x8a65d3b7a7a7212a80287f871a988bb56ec6a7c3,2025-09-19T19:09:06.849839+00:00
0xd6e0aee4dc5d499b99ae7e5452eaff25791c4d86,2025-09-19T19:09:06.860100+00:00
0xb75ba7853dcd7190da3ba8abc8e6136232db6a4e,2025-09-19T19:09:06.874656+00:00
0x07ae4cd58b10e132005cb6c123d1963f4ad2429f,2025-09-19T19:09:06.884893+00:00
0x11445b5d1178de4e84e7ca0381b86b0699ab1360,2025-09-19T19:09:06.894408+00:00
0x7a69f501cbdffc5c546f63563b490da6e99cbeb8,2025-09-19T19:09:06.905764+00:00
0xbe424e9d4f51f42fd8e67436a6ac11dc0f7dbe24,2025-09-19T19:09:06.916038+00:00
0xfe6bb2a663429acce12df1f2e205d2469709a299,2025-09-19T19:09:06.925825+00:00
0xb34f5ae456af8c98127552c1098b8e20f0708736,2025-09-19T19:09:06.937528+00:00
0x09f04a1f859c38c2ddca29244981d40a297aa09d,2025-09-19T19:09:06.947879+00:00
0x065e3dbafcb2c26a978720f9eb4bce6ad9d644a1,2025-09-19T19:16:30.773255+00:00
0x861561033af931bb605906c71746953278f1b3a2,2025-09-19T19:16:30.784035+00:00
0xeba19a57e9246cd58bcafbb24f08c094a844220f,2025-09-19T19:16:30.799048+00:00
0x2307278fc8ab0005974a6ded2fa6d1187333a223,2025-09-19T19:16:30.811529+00:00
0x6e6247f123696f10a47ab43c1776500cb36a4c1a,2025-09-19T19:16:30.825169+00:00
0xa3425456c076fd5265434b6e1ac7dc5b7bd51f68,2025-09-19T19:16:30.836454+00:00
0x09dd64318580671f4fc61e97d3887417ed58be6c,2025-09-19T19:16:30.847570+00:00
0xb878a06dde8e7e8dbc61d94c89b7bc9ad6b9183d,2025-09-19T19:16:30.859415+00:00
0x60c4fe6779b8d08773b0e581e48a2285782df875,2025-09-19T19:16:30.871625+00:00
0x255ed4ae17eff35923cfde87ed6ce81c4ebf8888,2025-09-19T19:16:30.883130+00:00
0x3328c4cb58650742d185b472193c8443ac303c3d,2025-09-19T19:16:30.896297+00:00
0xe5362637b8ee58411c7ff94ce7e49701af5f00d5,2025-09-19T19:16:30.906567+00:00
0x5143203107965a82409370c2de24c6cd99facc63,2025-09-19T19:16:30.917725+00:00
0xeeb1dc2964e89183c84657a2f0101ca8b9ebe3fb,2025-09-19T19:16:30.929477+00:00
0xf873bebdd61ab385d6b24c135baf36c729ce8824,2025-09-19T19:16:30.941265+00:00
0xbffe860e73b970f53e55f9cf656edf69d5d2bedf,2025-09-19T19:16:30.952660+00:00
0x551a12dea15f454c09eaa28b5856a6f327cf7bdc,2025-09-19T19:16:30.965636+00:00
0x4034a76ea5fa80242eebaa2ab15c80e2445d32fa,2025-09-19T19:16:30.977081+00:00
0x6fc5ba626cdca02bc792c6bd001eb5d4b98f2cee,2025-09-19T19:16:30.987727+00:00
0x9c5da5be860f2921bf1159f3468608219adb196c,2025-09-19T19:16:31.000258+00:00
0xc6d43857b411fdef697a04824d6dc7ecc4fbf357,2025-09-19T19:16:31.010957+00:00
0xc16157e00b1bff1522c6f01246b4fb621da048d0,2025-09-19T19:16:31.022797+00:00
0x78aaacd130134a15a42a3791043f0040c733389b,2025-09-19T19:16:31.035275+00:00
0xac35954b68cf4cb4221b4ba591714bc010f574d8,2025-09-19T19:16:31.045678+00:00
0xe0ac36de6bedb01b6f8ac5506db75fd19e17ebf4,2025-09-19T19:16:31.060212+00:00
0x1501113cbefe99c8b90efe11b02ca711695f5032,2025-09-19T19:16:31.073601+00:00
0xb115db6f4b49d2227b1cae0f1dd73f1306e74c34,2025-09-19T19:16:31.087460+00:00
0x699540422e98688c68b305284770b0f1bbd8b414,2025-09-19T19:16:31.098917+00:00
0x01dc572cd12eb3267f2d74e52ee4d6745aa1a2d7,2025-09-19T19:16:31.109530+00:00
0xecb8ab9bc26810eeae4b3642a8320588e85ae4bd,2025-09-19T19:16:31.123627+00:00
0x9c09882259c84b630396a6432d316427adddf815,2025-09-19T19:16:31.134786+00:00
0x4ae8b436e50f762fa8fad29fd548b375fee968ac,2025-09-19T19:16:31.145011+00:00
0xf4725409d88587cd81572695ee38df067ba66642,2025-09-19T19:16:31.155089+00:00
0x15001a844836bfccdef9f0fe326481c29052f8ec,2025-09-19T19:16:31.171482+00:00
0x37af0e9103cf1483bca5d5ed5e145b99faa7cec4,2025-09-19T19:16:31.182558+00:00
0xf7aa7ef08a9ccad9b285fa9c13014d4f8d0d1486,2025-09-19T19:16:31.194160+00:00
0xb883d84a174c430a0308fcd0d3a6a4f4ce92115f,2025-09-19T19:16:31.204960+00:00
0xbcbd71368f66ba0038a386f43e6d602931acb99d,2025-09-19T19:16:31.215910+00:00
0xbc9ce7fe8b066b3e1f66093a2316f263687feb79,2025-09-19T19:16:31.230327+00:00
0xdcedea1d522fca7aaaaa67e8f70c474ce3471aa5,2025-09-19T19:16:31.240681+00:00
0x580bb1dfd83b4a0e522fd7bf93e5962cb84dcf34,2025-09-19T19:16:31.252103+00:00
0xc4bbda0aa8fe6ac5259804c1287a4ec37e168f41,2025-09-19T19:16:31.263382+00:00
0xc1987cdb1fcda40abd2a7fbace3adf36841d3332,2025-09-19T19:16:31.274138+00:00
0xc5effcb333060a8c6f50ae987638e6d24c8d9222,2025-09-19T19:16:31.287065+00:00
0xaa0e9a1e2d2ccf2b867fda047bb5394bef1883e0,2025-09-19T19:16:31.298242+00:00
0x81545568146a78b9ac76ab496fa017ad8fd99bdd,2025-09-19T19:16:31.308388+00:00
0x0d2eb2be84e68497e2eb8c84b72597450f1b23cc,2025-09-19T19:16:31.320639+00:00
0x69668bbd7338986190f9fad97213752b62d6d594,2025-09-19T19:16:31.331242+00:00
0xa80baa7416c9ea9fa89fc83efb902bb1da74e5ca,2025-09-19T19:16:31.341615+00:00
0xe9b54188028a068b63b33edacd23517e038e37a5,2025-09-19T19:16:31.353153+00:00
0x3d90d2e918c689a90caad5d4cce828ec36575bd3,2025-09-19T19:16:31.365952+00:00
0x5f9e436e4ada12210510e5752f527701f8479daf,2025-09-19T19:16:31.377044+00:00
0xcba4b4067401c3a32c39b2651db69265bfc9f750,2025-09-19T19:16:31.388650+00:00
0xce79b081c0c924cb67848723ed3057234d10fc6b,2025-09-19T19:16:31.401691+00:00
0xbea36b260e52faca360a6de9916c1eede8f94894,2025-09-19T19:16:31.412712+00:00
0x9fbeb864d75b078cfa7381508b84f4f42d418a00,2025-09-19T19:16:31.424688+00:00
0xfa25d068968dd00ccf5a463b46d3aabbb153dfa6,2025-09-19T19:16:31.435243+00:00
0x774326c9c81a5230aa4a00afde0d648a4559d0b5,2025-09-19T19:16:31.447610+00:00
0x2e45d1e540e1af80849866e655bf7a935af7fd5d,2025-09-19T19:16:31.459688+00:00
0x9e8167448e83d697db410c83cbc69f0de5de090a,2025-09-19T19:16:31.471955+00:00
0xda119b16a0a64156f3faaa508ef81f3281f506c9,2025-09-19T19:16:31.484735+00:00
0xf1d16f68dcad9439d544f7c15d1281c45e75b619,2025-09-19T19:16:31.498255+00:00
0x797066a17f83425c1b4c7a8cca52d19095520a52,2025-09-19T19:16:31.509108+00:00
0x33a010cead54a40b23be8c3f3470877dbd062b8c,2025-09-19T19:16:31.519642+00:00
0x25b94ee50c9f438577fc2e340ae62d7df57ecefa,2025-09-19T19:16:31.532017+00:00
0xf09ebb62b5ba0cf402b77aba61691cbcf005206f,2025-09-19T19:16:31.543467+00:00
0x7020d6e6e8b982da7e76b461e1206679e510742b,2025-09-19T19:16:31.553681+00:00
0x560e40d8283fddd9bf3cb703dc3403773ecc28e7,2025-09-19T19:16:31.567442+00:00
0x32cfdfaab2b0ca037be04009181ebdb0fe7892f1,2025-09-19T19:16:31.578154+00:00
0x56e45f89b2574f76f210ec3c6c523068c1885e1f,2025-09-19T19:16:31.589123+00:00
0x68f5de4b8204c693ee964780b1b908566306fccb,2025-09-19T19:16:31.600545+00:00
0x63080f48e7220015f23eea30d1f2557a721f0a1a,2025-09-19T19:16:31.611563+00:00
0x912db254b148125c2f5aba7b6716b5020640f5e3,2025-09-19T19:16:31.625055+00:00
0x837dfce18634c2fcf2459780bc6155be785598f1,2025-09-19T19:16:31.636303+00:00
0xdd68dbcb6b988ffeef7d42ca22c33dfdc2f6ce2b,2025-09-19T19:16:31.646226+00:00
0xde82273c9eea55d004714cf4f7465260d8e51e1a,2025-09-19T19:16:31.657632+00:00
0x6fb6e9733cb74f2f3419600f7d825ed86aa5bfde,2025-09-19T19:16:31.668762+00:00
0x59d9f670f966bc52a04adf88621d38ed538d1a54,2025-09-19T19:16:31.680427+00:00
0x71dd883fff254248eef0608d7973391a52619354,2025-09-19T19:16:31.693353+00:00
0x588be069eae3726435a5ecdf81cdb814c1609a13,2025-09-19T19:16:31.704384+00:00
0xee9ff4fdb336b28372466525c2bc3aba6206517d,2025-09-19T19:16:31.715336+00:00
0xa0103027923a25f9bfefe4a44be329fc5cf38314,2025-09-19T19:16:31.725833+00:00
0xde8dad127cc1667530b66cc8fcee52ec5104b606,2025-09-19T19:16:31.738385+00:00
0xbbeeeda39ab696d05498c9c91a80cbf29dff2901,2025-09-19T19:16:31.748988+00:00
0xdfd14ab85ff9e9f399adc453d28ec1b47c68bea6,2025-09-19T19:16:31.761289+00:00
0x7300635e8bcdfdd1e3fd706431877e33275326d5,2025-09-19T19:16:31.772003+00:00
0xaeb49bb63e13f42be1d869fa5c9ad2f32021fe9f,2025-09-19T19:16:31.781936+00:00
0xefa82606b66ebd79fcf8eaf65890d4a6f34141c1,2025-09-19T19:16:31.793627+00:00
0xa0b9faac81f34a849d57516a0193b37ec23e70b8,2025-09-19T19:28:30.197404+00:00
0x8f98733887f8401b812d6d4c49628e59c39c11ff,2025-09-19T19:28:30.208272+00:00
0xa38d1c6acd78cd2444147a793a39be424662d9f1,2025-09-19T19:28:30.219615+00:00
0x357621e83cc8f1610b5cb1cf4a1af5e5649ac8ef,2025-09-19T19:28:30.229923+00:00
0x34e387b37d3adeaa6d5b92ce30de3af3dca39796,2025-09-19T19:28:30.247140+00:00
0x1688d692779666ccd4b715f8661464d3044cba3b,2025-09-19T19:28:30.266978+00:00
0x6d3be3f86fb1139d0c9668bd552f05fcb643e6e6,2025-09-19T19:28:30.280272+00:00
0x3539f11f953555eae4a12818603eb7caaee49fd5,2025-09-19T19:28:30.291300+00:00
0x85ff55803ce8c9a693d41e056dd8cd233f814cf1,2025-09-19T19:28:30.302776+00:00
0x4c3ea3b6c1001631f65bb7cf4585d7dd96a9be09,2025-09-19T19:28:30.313925+00:00
0x9412139814132606f7b6df9ac4c643e13fc34039,2025-09-19T19:28:30.324570+00:00
0xae45a8240147e6179ec7c9f92c5a18f9a97b3fca,2025-09-19T19:28:30.336952+00:00
0xc87f5688360a3e9cff037ae18d115500516e5bcd,2025-09-19T19:28:30.347964+00:00
0x35b63d21825e107a93a2014360cf7d696c84cde7,2025-09-19T19:28:30.357697+00:00
0x72d97cabeb8f1722e4f700d58d1e072b559a4ffb,2025-09-19T19:28:30.369150+00:00
0x61e4c19e2a73c8a6ef1fc7d2fa6de2176bf4f172,2025-09-19T19:28:30.380499+00:00
0x46aca44373cfe6c2d3b6eab0958cfe87a111019c,2025-09-19T19:28:30.391031+00:00
0xa3d8869d4af9f895cbfed34d098458eeed55d99f,2025-09-19T19:28:30.402064+00:00
0xd1fe8094aa72d52082c12a6d870b8cbd45bf9c27,2025-09-19T19:28:30.414105+00:00
0x04688ac323f27c5bf7c412335d151b340eeb2964,2025-09-19T19:28:30.425664+00:00
0x885a4366aa0fd604138d7082d7f2d0ad4c64c195,2025-09-19T19:28:30.436412+00:00
0xcc3e72a560b9351ad386fcb161058116e76174f0,2025-09-19T19:28:30.449468+00:00
0x22c5f56217709f27536ef748f76177e1897658cc,2025-09-19T19:28:30.460085+00:00
0x2ebd357ddcace2cce4684fd524c9b9cd703b0d58,2025-09-19T19:28:30.471764+00:00
0x4c124ba053f8beebbd3e8956c2392af83dee8e04,2025-09-19T19:28:30.483639+00:00
0x2d7a1dc68bd591045b53adb342b5d1060ddfadba,2025-09-19T19:28:30.493730+00:00
0x71be3ab7aea0548a5337121c2dde368cc93346d1,2025-09-19T19:28:30.505118+00:00
0xfb869b51b22ca01d4bb08804b0d6fc976897a1ba,2025-09-19T19:28:30.516420+00:00
0x395ff20929de98a9d3e878d01b24ff66b5f711b6,2025-09-19T19:28:30.527048+00:00
0x0e3cabf0369b21e90d929e0afcbe8555637b4a0a,2025-09-19T19:28:30.540389+00:00
0x38f6d5fb32f970fe60924b282704899411126336,2025-09-19T19:28:30.551558+00:00
0x10615905bfa26b13c2b3904079bb4b6d6ada4877,2025-09-19T19:28:30.561985+00:00
0xf25e06a69415d7d05ae8fbef1f34cd4a0bc880d9,2025-09-19T19:28:30.573766+00:00
0x2982a6c0e0bb3430317b72418615981374f11419,2025-09-19T19:28:30.584657+00:00
0x92808a459ea93bbdeb6d3813c1e45de2acadee63,2025-09-19T19:28:30.594898+00:00
0x0038c27184dc43106fcead1f01aa66bebbc672b2,2025-09-19T19:28:30.604774+00:00
0x17268c86017088c5b35fc3b141a7ea1fb1488f8f,2025-09-19T19:28:30.616288+00:00
0x4a6358c05c12efc624a5f8e4060aa1b3dc9c0cee,2025-09-19T19:28:30.627581+00:00
0xf39c8a6a6dbe169fc1f7d24d3839749d0cf57d3d,2025-09-19T19:28:30.638225+00:00
0xf3fa63a8666611768e1f8b1bce2fd1a93c37bb9e,2025-09-19T19:28:30.649335+00:00
0x9b8d6a821197890512fd4701949660c0fc286bd4,2025-09-19T19:28:30.659965+00:00
0x0e214d2e2be96e0dafa565a7ffe61849861e836b,2025-09-19T19:28:30.671413+00:00
0x645ab1f63202c4a613728f81bcccd9addab5501e,2025-09-19T19:28:30.682677+00:00
0xae521bd2bb3cfaf9fa69fe207c924b2917cd1e53,2025-09-19T19:28:30.692741+00:00
0xe41529ce62224579fb2353614af6c5cc4e146513,2025-09-19T19:28:30.706409+00:00
0xdf1553a2130cbafa70a35e68efc6ccf67f0a278c,2025-09-19T19:28:30.718235+00:00
0xa9bd318a4ca1747e6068d100e18711b529386e29,2025-09-19T19:28:30.730259+00:00
0x8f37709f6b4b83590ae82a510819cc3e5ddf6197,2025-09-19T19:28:30.740663+00:00
0x00f4b37198139985503d69d387765e4ed084361f,2025-09-19T19:28:30.752870+00:00
0xa29e963992597b21bcdcaa969d571984869c4ff5,2025-09-19T19:28:30.763694+00:00
0x3067c280a091931428128cc2058bbfdc1782a47f,2025-09-19T19:28:30.774432+00:00
0x28f330fa62761cd939a04fef90c5bbfbc64b69c1,2025-09-19T19:28:30.786429+00:00
0xc94ebb328ac25b95db0e0aa968371885fa516215,2025-09-19T19:28:30.798415+00:00
0x72e2c6a41fb82a1779148eda5d0c2c677319300f,2025-09-19T19:28:30.815421+00:00
0xfa0052de900be8803ec5e7aac693e99152d52b96,2025-09-19T19:28:30.826900+00:00
0x3de2b9c2298cd66305f58b4558c8acf900238955,2025-09-19T19:28:30.838802+00:00
0x898d6c0791787e1f9daace382ad4ea7b54a722ea,2025-09-19T19:28:30.849944+00:00
0x20af66e6a5f7ef81b852c03328498779477f3548,2025-09-19T19:28:30.860698+00:00
0xbb80044de923195df2a910abe7b5899a826276c1,2025-09-19T19:28:30.873246+00:00
0xf2e706349d48137a4f14096f32a880d8242f9709,2025-09-19T19:28:30.885158+00:00
0xf3082a2627d58e02ba2962f0bbceef7ccd79a6b7,2025-09-19T19:28:30.895732+00:00
0x891cc2b5a1d32d0c47b27f5bb1e5bb7d6c967d36,2025-09-19T19:28:30.907237+00:00
0x87d18ee84e8f4f5709cbf3500179a4c601da12ce,2025-09-19T19:28:30.918562+00:00
0xd646d62e05ecb90591050ac504f31896853df18c,2025-09-19T19:28:30.928865+00:00
0x394311a6aaa0d8e3411d8b62de4578d41322d1bd,2025-09-19T19:28:30.939553+00:00
0x935d2e470284fb536227a76a723f96a94efae6a9,2025-09-19T19:28:30.951666+00:00
0x39f6a6c85d39d5abad8a398310c52e7c374f2ba3,2025-09-19T19:28:30.962344+00:00
0x7c6c15a6e59a3f573cc5276e722361d962bdd8ca,2025-09-19T19:28:30.972867+00:00
0xf6b2bcc672e131e867328b0f5213fe78c6fc9c97,2025-09-19T19:28:30.984982+00:00
0x09b96417602ed6ac76651f7a8c4860e60e3aa6d0,2025-09-19T19:28:30.996528+00:00
0xea3975b95d9bcfdaf731dfd81b98d715553bc485,2025-09-19T19:28:31.009056+00:00
0x839288abfc544ce5450605c9eab8d37c9f929b5a,2025-09-19T19:28:31.019948+00:00
0xecdcae74969abcf93155fc771c1ddfc1de908443,2025-09-19T19:28:31.030520+00:00
0x4aaac5f0eb373478352846b76e12df75a759cb21,2025-09-19T19:28:31.043934+00:00
0xcf08148ab6df3609dcad9395b58eb28a0954c818,2025-09-19T19:28:31.054604+00:00
0xb7db5dca7aa02b32779cfc0d7c8fc2540cfbe738,2025-09-19T19:28:31.064754+00:00
0x4b321248dd822995a5fe595c2a46a9436687adde,2025-09-19T19:28:31.079696+00:00
0xb56badf384715b20c52fc30b348f976ee2e73720,2025-09-19T19:28:31.090843+00:00
0x70daaadb9af08798d53f53ad4668c0a8a2c9a46b,2025-09-19T19:28:31.105027+00:00
0x56823dd1eec7265220721570f206461b1fced5bc,2025-09-19T19:28:31.119815+00:00
0x2f8e3213345a2c2f3a679038702d7ae0a0a20447,2025-09-19T19:28:31.133459+00:00
0xcc754b4c87513b80504306922fdf446a5dd0c6c0,2025-09-19T19:28:31.145805+00:00
0x957f14e067c072f82161e652846f44fea88d8c8b,2025-09-19T19:28:31.157056+00:00
0x05ffff75d5863e892b253db114a5524cf442f381,2025-09-19T19:28:31.167826+00:00
0xd62bfc622a470d850fb04c7217fd0627e55ad89f,2025-09-19T19:28:31.178235+00:00
0xc41ae140ca9b281d8a1dc254c50e446019517d04,2025-09-19T19:49:15.880810+00:00
0xbeb172660300fe6ac45b1a063a15f4334855449b,2025-09-19T19:49:15.905122+00:00
0x55dd9b279dd99a95d763f9f5558abd5c9e9096c2,2025-09-19T19:49:15.923837+00:00
0x028ffcff8c8d9c0e75186f62ff483addbbc50075,2025-09-19T19:49:15.937678+00:00
0xc2d68a0f22d63be3fb5d0708a4c8a8bba467811a,2025-09-19T19:49:15.947483+00:00
0x50efe96db6fa5efe536017f8adcb49edbab3862f,2025-09-19T19:49:15.959402+00:00
0xaa460d48c2ef67b8612e308aa0c46f24c733ae19,2025-09-19T19:49:15.970957+00:00
0x7252e3e213e114ca74496bbe4802be28b57d1ae0,2025-09-19T19:49:15.981180+00:00
0xb490ac9d599c2d4fc24cc902ea4cd5af95eff6e9,2025-09-19T19:49:15.993354+00:00
0x68aaf929b2d9f08339b28a12740acd3545c3f93f,2025-09-19T19:49:16.004428+00:00
0x11fc1e54649e91efdeebc6a0bc88c37fa8ebbfec,2025-09-19T19:49:16.015112+00:00
0x0b90c9a9fddbd99524f0a3ceaccbf2b81e8945f5,2025-09-19T19:49:16.029083+00:00
0x52c6bea568d62c54087fc9277afe0c4ea1a9713b,2025-09-19T19:49:16.040178+00:00
0x6c26990cef45f8a54314328a4fcd956e06698dfb,2025-09-19T19:49:16.052568+00:00
0x95dc16c8ef7881394d5aa1a0b1603aaa584fb73f,2025-09-19T19:49:16.064006+00:00
0x2b450bb0badb9c005b27eacd7bd338188bb63887,2025-09-19T19:49:16.074728+00:00
0x6b96e3beac6737406f68357fb0a6fc10e56b0da4,2025-09-19T19:49:16.086322+00:00
0xd5ac9a51cd4015d3464a6c3ec4eaf45e96ffc171,2025-09-19T19:49:16.100504+00:00
0x462a38452a583088165a2bc8bec4769055884f98,2025-09-19T19:49:16.113532+00:00
0x3ea68f362520bfa09d2defc6169eedf9e9b70408,2025-09-19T19:49:16.128341+00:00
0xf19c389eb4907c57492bd9f1184072371e986ddb,2025-09-19T19:49:16.141411+00:00
0x2df4ad09ca2164c2c80dafed53b00d9f0c20bcf6,2025-09-19T19:49:16.151929+00:00
0x44a0e1436871d9687de6096e1c7c2e3456c0d507,2025-09-19T19:49:16.163803+00:00
0xaaacf3969d14a6be9e230341fc86032e14cf0e62,2025-09-19T19:49:16.174137+00:00
0xf6646256d431435c966b166982a85bd270c9291d,2025-09-19T19:49:16.184335+00:00
0xd211f363150b92323a95c8452fb749baf888a5e9,2025-09-19T19:49:16.195724+00:00
0x83291282f9949a059eb94a163c3bbabdb8d8cf35,2025-09-19T19:49:16.206419+00:00
0xeca74721caa0ed4c060ef948674fd7ce9c405964,2025-09-19T19:49:16.217616+00:00
0x835289c940563ba94946aee3c9d7bbd6567b340b,2025-09-19T19:49:16.230396+00:00
0x81dcab1513d88478a3536348d6d7560f2d8762a4,2025-09-19T19:49:16.240902+00:00
0xf30ba13e4b04ce5dc4d254ae5fa95477800f0eb0,2025-09-19T19:49:16.252537+00:00
0x97bcaa99cb2af0affc8a024d286611bb88dcf51a,2025-09-19T19:49:16.273841+00:00
0x0850c9e6d023cc23257ddd400ec176d4ebd644e7,2025-09-19T19:49:16.284468+00:00
0x73932d88188face48fb9e9c28427467e3545a32e,2025-09-19T19:49:16.296345+00:00
0xa5bbf72ef51e246adec0f29ccf36ffe372aec1b5,2025-09-19T19:49:16.312564+00:00
0x9e30a1e5e13a2e0f2ed775bbd420fb7cb31ebebe,2025-09-19T19:49:16.323692+00:00
0x350787b9f974fbc53c3296d9f694f204d0c34232,2025-09-19T19:49:16.335102+00:00
0xb3afb6db38a8e72905165c1fbb96772e63560790,2025-09-19T19:49:16.346058+00:00
0x3098c04b75c7fecba9c7a80fc24c097995e95681,2025-09-19T19:49:16.357557+00:00
0x1424cce8d03481c3a465cae1d7b42bd0ece33422,2025-09-19T19:49:16.368228+00:00
0x70e3e35945876b5e70a0ff5abcb14616d13e70f6,2025-09-19T19:49:16.378376+00:00
0xf865df1909030f2ce43349a64105b6c8ef9e2cd2,2025-09-19T19:49:16.389446+00:00
0x2a2cd5614c7929e9065e0319754e30bf69a98429,2025-09-19T19:49:16.400388+00:00
0x3462e50cf7e5d8c5fae4570cd3891f032b48bde8,2025-09-19T19:49:16.410712+00:00
0x7877b5edcdb58633b2ad9ccc0ca0e86b19ffaf9c,2025-09-19T19:49:16.423197+00:00
0x2f724959d1b2c6fc14ebaa07651e257df0803279,2025-09-19T19:49:16.434023+00:00
0x2194e8bb4574cb6afded5cd94e02da504bbb8468,2025-09-19T19:49:16.444365+00:00
0x2faae3f684c8ed4fdeb5de2373dda72b517a3cc2,2025-09-19T19:49:16.456170+00:00
0x85aba12c2246321031010efcc6e070850da297d3,2025-09-19T19:49:16.466404+00:00
0xa9ac43f5b5e38155a288d1a01d2cbc4478e14573,2025-09-19T19:49:16.476924+00:00
0x41424404fd9bb13410fdb8a9ab41c0885b96e201,2025-09-19T19:49:16.490502+00:00
0x8117885fd72c07babc132de684b4717f9a21576a,2025-09-19T19:49:16.502238+00:00
0x0c14c31d962a09f8010658d17427a6fddb5cc026,2025-09-19T19:49:16.514263+00:00
0x66d6c462f73067bc3df9977ff9ffa9e17052bb4a,2025-09-19T19:49:16.525473+00:00
0xb23360ccdd9ed1b15d45e5d3824bb409c8d7c460,2025-09-19T19:49:16.537363+00:00
0xe9946ad910b9387eac6d0d0fd5786d7e83243705,2025-09-19T19:49:16.549338+00:00
0xab4fe736b5d812dcc8bc41ebffa486fee46910ad,2025-09-19T19:49:16.561599+00:00
0x888bdeca15018dfa18a24c7450ee47f657357f76,2025-09-19T19:49:16.573068+00:00
0xd44e42ca7c5f04d193ce83d8b7142f4435741e55,2025-09-19T19:49:16.584661+00:00
0x1f1f23d072b4e98f6ffde583763b4969301fa698,2025-09-19T19:49:16.596423+00:00
0x9ba6dcfa4b0c7b42da4cfdc3a4b43897d314f8bd,2025-09-19T19:49:16.606290+00:00
0x29156f8dffe8979f49e3a085dbb10477373a6051,2025-09-19T19:49:16.617329+00:00
0x0c23666acae2a77c4e02fc4893cf5af40f13df15,2025-09-19T19:49:16.629268+00:00
0x6715905f4e2d621c35d05e53c94d96d608827363,2025-09-19T19:49:16.641217+00:00
0x42675d41969eb5dc4a03a3f790cccb0b03957259,2025-09-19T19:49:16.654666+00:00
0x1000a7de2fc13c5e50db1ca7fc2a7b2c63221313,2025-09-19T19:49:16.666699+00:00
0x912b5802b4b4959bd8f6ba14c49836735761e16c,2025-09-19T19:49:16.677830+00:00
0x840267c80ce27128e86ad9ccc56c6055c944e552,2025-09-19T19:49:16.689463+00:00
0x3c8851ac39391364475bba067abfa5200a360ac6,2025-09-19T19:49:16.701350+00:00
0x06319ba39de2fbcc577d4592d5c600bc0b036fed,2025-09-19T19:49:16.713122+00:00
0x65b72e3f056d529637938ab731c2b50cc8f38346,2025-09-19T19:49:16.723983+00:00
0x277cbf427d31d9aa34f1e4630a9fbfb2ab2c59e4,2025-09-19T19:49:16.735193+00:00
0x369046a87572b141ae5cec707db8b814a52d4618,2025-09-19T19:49:16.746765+00:00
0x70921613901113898756f8405c4ff422140a60a4,2025-09-19T19:49:16.758681+00:00
0x146c7bb662432218130b29f406e7a8ad97988a35,2025-09-19T19:49:16.770194+00:00
0xdf48a7dfed56854649037e46d4a6e9f99a54c757,2025-09-19T19:49:16.780490+00:00
